ID;Name;Description;Col;NewCol;NewNewCol;
line1;2341;324;321434
line2;2341;324;321434
line5;2341;324;321434;Allison;Peter;John;
line5;2341;324;321434;Gary;SpongeBob;
line4;2341;324test;;234;234242;
line1;2341;324;321434
line2;2341;324;321434
line5;2341;324;321434
line4;2341;324;321434
line1;2341;324;321434
line2;2341;324;321434
line5;2341;324;321434
line4;2341;324;321434
line4;2341;324;321434
line1;2341;324;321434
line2;2341;324;321434
line5;2341;324;321434
line4;2341;324;321434
line1;2341;324;321434
line2;2341;324;321434
line5;2341;324;321434
line4;2341;324;321434
